{
  "version": "7",
  "dialect": "mysql",
  "entries": [
    {
      "idx": 0,
      "version": "5",
      "when": 1764761988529,
      "tag": "0000_lethal_ravenous",
      "breakpoints": true
    },
    {
      "idx": 1,
      "version": "5",
      "when": 1764762054595,
      "tag": "0001_magical_carmella_unuscione",
      "breakpoints": true
    },
    {
      "idx": 2,
      "version": "5",
      "when": 1764765561611,
      "tag": "0002_massive_praxagora",
      "breakpoints": true
    },
    {
      "idx": 3,
      "version": "5",
      "when": 1764767317926,
      "tag": "0003_lethal_leopardon",
      "breakpoints": true
    }
  ]
}